City_ID,City,Country,Date,Lat,Lng,Max Temp,Humidity,Cloudiness,Wind Speed
0,Grand Gaube,MU,2022-06-28 22:28:43,-20.0064,57.6608,66.6,76,33,3.0
1,Vaini,TO,2022-06-28 22:28:43,-21.2,-175.2,77.16,88,75,5.75
2,Yellowknife,CA,2022-06-28 22:28:44,62.456,-114.3525,72.12,35,75,17.27
3,Castro,BR,2022-06-28 22:28:44,-24.7911,-50.0119,56.28,88,0,4.16
4,Mahebourg,MU,2022-06-28 22:28:44,-20.4081,57.7,66.49,88,75,14.97
5,Bluff,NZ,2022-06-28 22:28:45,-46.6,168.3333,47.8,83,94,17.67
6,Bethel,US,2022-06-28 22:28:45,41.3712,-73.414,79.07,49,0,8.05
7,Ancud,CL,2022-06-28 22:28:46,-41.8697,-73.8203,53.22,97,100,12.21
8,Innisfail,AU,2022-06-28 22:28:46,-17.5333,146.0333,67.64,91,100,6.6
9,Arraial Do Cabo,BR,2022-06-28 22:28:46,-22.9661,-42.0278,69.66,73,0,11.5
10,Port Alfred,ZA,2022-06-28 22:28:47,-33.5906,26.891,63.0,39,0,8.14
11,Manokwari,ID,2022-06-28 22:28:47,-0.8667,134.0833,78.31,76,25,2.86
12,Dikson,RU,2022-06-28 22:28:48,73.5069,80.5464,32.61,97,89,14.94
13,Provideniya,RU,2022-06-28 22:28:48,64.3833,-173.3,42.91,93,100,8.95
14,Rikitea,PF,2022-06-28 22:27:48,-23.1203,-134.9692,71.69,79,57,24.38
15,Butaritari,KI,2022-06-28 22:28:48,3.0707,172.7902,82.35,78,100,17.0
16,Lompoc,US,2022-06-28 22:28:49,34.6391,-120.4579,98.78,60,0,14.97
17,Aswan,EG,2022-06-28 22:28:49,24.0934,32.907,87.21,21,1,12.15
18,Kapaa,US,2022-06-28 22:28:50,22.0752,-159.319,84.18,71,0,14.97
19,Los Llanos De Aridane,ES,2022-06-28 22:28:50,28.6585,-17.9182,65.95,76,75,20.71
20,Busselton,AU,2022-06-28 22:28:50,-33.65,115.3333,46.9,85,0,9.69
21,Juazeirinho,BR,2022-06-28 22:28:51,-6.8167,-38.05,79.68,54,90,9.66
22,Griffith,US,2022-06-28 22:28:51,41.5284,-87.4237,85.95,37,40,9.22
23,Coquimbo,CL,2022-06-28 22:28:52,-29.9533,-71.3436,60.53,51,0,4.61
24,Banjar,ID,2022-06-28 22:28:52,-8.19,114.9675,73.67,90,66,6.87
25,Bredasdorp,ZA,2022-06-28 22:28:52,-34.5322,20.0403,58.1,45,0,5.84
26,San Patricio,US,2022-06-28 22:28:53,28.017,-97.5169,87.66,40,100,15.82
27,Tiksi,RU,2022-06-28 22:28:53,71.6872,128.8694,45.72,56,24,19.73
28,Rovaniemi,FI,2022-06-28 22:28:54,66.5,25.7167,65.61,55,0,6.91
29,Albany,US,2022-06-28 22:25:29,42.6001,-73.9662,78.46,47,24,3.0
30,Ushuaia,AR,2022-06-28 22:28:54,-54.8,-68.3,37.06,87,75,14.97
31,Barrow,US,2022-06-28 22:28:55,71.2906,-156.7887,46.42,93,100,4.61
32,Kavieng,PG,2022-06-28 22:28:55,-2.5744,150.7967,82.38,71,98,8.08
33,Clyde River,CA,2022-06-28 22:28:56,70.4692,-68.5914,35.83,93,100,9.22
34,Eureka,US,2022-06-28 22:27:14,40.8021,-124.1637,81.68,64,29,8.99
35,Ribeira Grande,PT,2022-06-28 22:28:09,38.5167,-28.7,67.53,91,93,7.54
36,Husavik,IS,2022-06-28 22:28:57,66.0449,-17.3389,54.32,75,84,6.24
37,Andros Town,BS,2022-06-28 22:28:57,24.7,-77.7667,81.79,69,100,5.7
38,Atuona,PF,2022-06-28 22:25:18,-9.8,-139.0333,78.35,70,32,19.28
39,Yanam,IN,2022-06-28 22:28:58,16.7333,82.2167,78.44,84,95,4.76
40,Pontianak,ID,2022-06-28 22:28:58,-0.0333,109.3333,73.38,100,100,2.3
41,New Norfolk,AU,2022-06-28 22:28:58,-42.7826,147.0587,48.92,80,100,5.01
42,Great Bend,US,2022-06-28 22:28:59,38.3645,-98.7648,89.04,35,0,14.97
43,Sao Joao Da Barra,BR,2022-06-28 22:27:18,-21.6403,-41.0511,69.13,71,1,14.74
44,Areosa,PT,2022-06-28 22:29:00,41.7178,-8.8571,60.6,90,52,5.75
45,Lavrentiya,RU,2022-06-28 22:29:00,65.5833,-171.0,46.83,85,93,14.45
46,Jundia,BR,2022-06-28 22:29:02,-8.9347,-35.5736,69.89,95,46,5.97
47,Soyo,AO,2022-06-28 22:29:02,-6.1349,12.3689,71.62,91,1,5.21
48,Carnarvon,AU,2022-06-28 22:29:03,-24.8667,113.6333,62.24,48,0,20.36
49,Tasiilaq,GL,2022-06-28 22:29:03,65.6145,-37.6368,44.76,63,76,6.17
50,Iskateley,RU,2022-06-28 22:29:04,67.6803,53.1512,39.52,85,96,14.23
51,Portland,US,2022-06-28 22:26:22,45.5234,-122.6762,74.05,60,75,11.5
52,Hobart,AU,2022-06-28 22:29:05,-42.8794,147.3294,49.26,83,75,8.05
53,Jamestown,US,2022-06-28 22:27:03,42.097,-79.2353,71.53,53,0,6.91
54,Hermanus,ZA,2022-06-28 22:29:05,-34.4187,19.2345,62.2,50,0,7.52
55,Srednekolymsk,RU,2022-06-28 22:29:06,67.45,153.6833,45.81,84,100,8.41
56,Saint George,US,2022-06-28 22:26:20,37.1041,-113.5841,104.43,16,0,19.57
57,Dublin,US,2022-06-28 22:28:11,37.7021,-121.9358,97.9,33,0,11.5
58,Nagram,IN,2022-06-28 22:29:07,26.6167,81.1333,82.45,64,100,9.84
59,Chokurdakh,RU,2022-06-28 22:29:07,70.6333,147.9167,46.72,51,29,12.62
60,Klaksvik,FO,2022-06-28 22:29:08,62.2266,-6.589,52.72,97,100,22.62
61,Puerto Ayora,EC,2022-06-28 22:29:08,-0.7393,-90.3518,73.36,88,26,8.99
62,Punta Arenas,CL,2022-06-28 22:24:16,-53.15,-70.9167,39.31,87,75,6.91
63,Gornyy,RU,2022-06-28 22:29:09,55.1153,83.9059,50.47,84,72,6.15
64,Noyabrsk,RU,2022-06-28 22:29:09,63.1994,75.4507,52.43,83,100,13.78
65,Pangnirtung,CA,2022-06-28 22:29:10,66.1451,-65.7125,41.0,87,75,5.75
66,Port Elizabeth,ZA,2022-06-28 22:29:10,-33.918,25.5701,57.31,60,0,6.91
67,Paamiut,GL,2022-06-28 22:29:11,61.994,-49.6678,44.78,84,100,44.29
68,Baykit,RU,2022-06-28 22:29:11,61.67,96.37,55.15,80,79,12.59
69,North Bend,US,2022-06-28 22:29:12,43.4065,-124.2243,72.25,88,100,6.91
70,Upernavik,GL,2022-06-28 22:29:12,72.7868,-56.1549,38.91,80,16,9.13
71,Yar-Sale,RU,2022-06-28 22:29:13,66.8333,70.8333,41.7,70,4,21.27
72,Norman Wells,CA,2022-06-28 22:29:13,65.282,-126.8329,80.64,29,75,10.36
73,Cairns,AU,2022-06-28 22:29:14,-16.9167,145.7667,70.11,78,100,14.97
74,Avarua,CK,2022-06-28 22:29:14,-21.2078,-159.775,80.65,61,9,3.44
75,Cururupu,BR,2022-06-28 22:29:15,-1.8283,-44.8683,75.43,88,29,2.73
76,Saint-Philippe,RE,2022-06-28 22:29:15,-21.3585,55.7679,63.99,76,87,13.47
77,Ponta Do Sol,PT,2022-06-28 22:29:16,32.6667,-17.1,67.01,54,7,6.58
78,Mataura,NZ,2022-06-28 22:29:16,-46.1927,168.8643,47.48,80,100,5.75
79,Sept-Iles,CA,2022-06-28 22:26:02,50.2001,-66.3821,68.0,59,75,12.66
80,Mar Del Plata,AR,2022-06-28 22:29:17,-38.0023,-57.5575,55.09,59,0,4.61
81,Barabinsk,RU,2022-06-28 22:29:18,55.3571,78.357,53.91,76,82,10.13
82,Lebu,CL,2022-06-28 22:29:18,-37.6167,-73.65,53.65,92,100,22.26
83,Bowen,AU,2022-06-28 22:29:19,-20.0167,148.2333,70.39,71,100,20.56
84,Pionki,PL,2022-06-28 22:29:19,51.476,21.4499,69.06,32,100,4.63
85,Kushikino,JP,2022-06-28 22:29:20,31.7167,130.2667,80.06,89,91,6.71
86,Slonim,BY,2022-06-28 22:29:21,53.0867,25.3219,66.27,84,90,3.13
87,Jining,CN,2022-06-28 22:29:21,35.405,116.5814,77.23,79,38,4.83
88,Ambovombe,MG,2022-06-28 22:29:22,-25.1667,46.0833,64.11,67,55,15.1
89,Lira,UG,2022-06-28 22:29:22,2.235,32.9097,62.11,89,7,4.74
90,Kununurra,AU,2022-06-28 22:25:47,-15.7667,128.7333,62.58,63,92,8.05
91,Ketchikan,US,2022-06-28 22:29:23,55.3422,-131.6461,57.67,88,75,12.66
92,Boyolangu,ID,2022-06-28 22:29:23,-8.1181,111.8935,72.64,80,92,4.7
93,Alyangula,AU,2022-06-28 22:29:25,-13.8483,136.4192,74.61,62,99,19.51
94,Pismo Beach,US,2022-06-28 22:29:25,35.1428,-120.6413,105.46,44,0,5.75
95,Saskylakh,RU,2022-06-28 22:29:26,71.9167,114.0833,52.16,46,4,12.5
96,Lasa,IT,2022-06-28 22:29:26,46.6166,10.7002,61.68,87,75,3.18
97,Maues,BR,2022-06-28 22:29:27,-3.3836,-57.7186,79.45,67,35,0.85
98,Basco,PH,2022-06-28 22:29:27,20.4487,121.9702,84.13,74,100,24.16
99,Sabang,ID,2022-06-28 22:29:28,5.8933,95.3214,83.21,71,100,23.78
100,Pevek,RU,2022-06-28 22:29:28,69.7008,170.3133,37.35,99,100,2.93
101,Coihaique,CL,2022-06-28 22:29:29,-45.5752,-72.0662,40.95,93,100,5.75
102,Khandbari,NP,2022-06-28 22:29:29,27.3747,87.2039,71.56,98,100,1.45
103,Bambous Virieux,MU,2022-06-28 22:29:29,-20.3428,57.7575,66.45,88,75,14.97
104,Kieta,PG,2022-06-28 22:29:30,-6.2167,155.6333,81.72,76,90,6.51
105,Buchanan,LR,2022-06-28 22:29:30,5.8808,-10.0467,77.68,87,96,2.66
106,Port Macquarie,AU,2022-06-28 22:29:31,-31.4333,152.9167,51.89,68,96,4.61
107,Kavaratti,IN,2022-06-28 22:29:31,10.5669,72.642,82.13,79,100,20.36
108,Grindavik,IS,2022-06-28 22:29:32,63.8424,-22.4338,55.87,71,75,13.8
109,Georgetown,MY,2022-06-28 22:24:42,5.4112,100.3354,81.9,89,20,3.44
110,Maragheh,IR,2022-06-28 22:29:33,37.3917,46.2398,67.06,24,0,2.28
111,Cape Town,ZA,2022-06-28 22:27:03,-33.9258,18.4232,63.37,52,0,6.91
112,Traian,RO,2022-06-28 22:29:33,46.6333,27.0333,69.67,60,0,2.3
113,Dillon,US,2022-06-28 22:29:34,34.4166,-79.3712,88.14,59,100,12.55
114,San Rafael,AR,2022-06-28 22:25:29,-34.6177,-68.3301,57.63,17,55,11.3
115,Touros,BR,2022-06-28 22:29:34,-5.1989,-35.4608,76.28,87,7,11.3
116,Oksfjord,NO,2022-06-28 22:29:35,70.2396,22.3479,75.27,60,3,10.27
117,Hithadhoo,MV,2022-06-28 22:29:36,-0.6,73.0833,82.27,73,97,5.14
118,Nikolskoye,RU,2022-06-28 22:29:36,59.7035,30.7861,66.09,64,0,4.97
119,Huron,US,2022-06-28 22:29:36,41.1501,-82.5499,78.53,53,0,1.77
120,Harper,LR,2022-06-28 22:29:37,4.375,-7.7169,77.31,83,21,5.06
121,Murdochville,CA,2022-06-28 22:29:38,48.9583,-65.5006,52.68,43,61,9.22
122,Mets Masrik,AM,2022-06-28 22:29:38,40.2183,45.7681,54.54,80,1,6.58
123,Rabo De Peixe,PT,2022-06-28 22:29:38,37.8,-25.5833,63.91,100,75,10.36
124,Vila Velha,BR,2022-06-28 22:24:59,-20.3297,-40.2925,67.95,81,0,6.91
125,Salalah,OM,2022-06-28 22:29:39,17.0151,54.0924,84.29,89,100,4.61
126,Souillac,MU,2022-06-28 22:29:39,-20.5167,57.5167,66.58,88,75,14.97
127,Hami,CN,2022-06-28 22:29:40,42.8,93.45,82.35,27,52,19.37
128,Porto Belo,BR,2022-06-28 22:29:40,-27.1578,-48.5531,65.25,90,1,10.02
129,Turukhansk,RU,2022-06-28 22:29:41,65.8167,87.9833,55.99,77,98,14.58
130,Leningradskiy,RU,2022-06-28 22:29:41,69.3833,178.4167,58.1,67,99,7.63
131,Bandarbeyla,SO,2022-06-28 22:29:42,9.4942,50.8122,77.83,76,88,32.39
132,Rio Claro,BR,2022-06-28 22:29:42,-22.4114,-47.5614,66.11,57,0,2.62
133,Tuktoyaktuk,CA,2022-06-28 22:29:42,69.4541,-133.0374,69.8,46,20,3.44
134,Torbay,CA,2022-06-28 22:29:43,47.6666,-52.7314,74.17,68,100,20.71
135,Saint-Denis,FR,2022-06-28 22:29:45,48.9167,2.3333,71.11,54,0,8.05
136,Kaeo,NZ,2022-06-28 22:29:45,-35.1,173.7833,56.32,96,100,17.9
137,Sao Filipe,CV,2022-06-28 22:29:45,14.8961,-24.4956,74.66,78,57,11.3
138,Caravelas,BR,2022-06-28 22:29:46,-17.7125,-39.2481,67.57,65,68,4.52
139,Aketi,CD,2022-06-28 22:29:47,2.7388,23.7833,68.04,98,100,0.94
140,Cherskiy,RU,2022-06-28 22:29:47,68.75,161.3,43.16,85,100,7.54
141,Teguise,ES,2022-06-28 22:27:15,29.0605,-13.564,66.42,64,75,16.11
142,Borogontsy,RU,2022-06-28 22:29:48,62.6683,131.1683,58.8,47,96,7.65
143,Narsaq,GL,2022-06-28 22:29:48,60.9167,-46.05,59.22,75,100,1.3
144,Brae,GB,2022-06-28 22:29:49,60.3964,-1.353,55.04,86,100,20.85
145,Sibolga,ID,2022-06-28 22:29:49,1.7427,98.7792,75.36,85,99,3.04
146,Namibe,AO,2022-06-28 22:29:50,-15.1961,12.1522,68.04,69,6,2.95
147,Shellbrook,CA,2022-06-28 22:29:50,53.2168,-106.4011,67.23,45,8,3.56
148,Xining,CN,2022-06-28 22:29:51,36.6167,101.7667,51.85,68,77,2.35
149,Mayo,US,2022-06-28 22:29:51,38.8876,-76.5119,82.81,51,0,9.22
150,Corn Island,NI,2022-06-28 22:29:53,12.1694,-83.0418,81.95,79,65,15.59
151,Melfi,IT,2022-06-28 22:29:53,40.9965,15.6514,71.49,39,32,4.18
152,Nome,US,2022-06-28 22:29:53,64.5011,-165.4064,57.16,82,20,6.91
153,Bell Ville,AR,2022-06-28 22:29:54,-32.6259,-62.6887,51.67,63,0,7.52
154,Dehloran,IR,2022-06-28 22:29:54,32.6941,47.2679,92.17,12,0,7.58
155,Aykhal,RU,2022-06-28 22:29:55,66.0,111.5,50.27,50,100,16.26
156,Broome,US,2022-06-28 22:29:55,42.2506,-75.833,75.79,52,75,3.44
157,Erzurum,TR,2022-06-28 22:29:56,40.0,41.5,47.88,53,3,2.64
158,Victoria,HK,2022-06-28 22:25:17,22.2855,114.1577,85.32,86,98,1.99
159,Taltal,CL,2022-06-28 22:29:57,-25.4,-70.4833,63.09,63,0,4.99
160,Airai,TL,2022-06-28 22:29:57,-8.9266,125.4092,58.66,96,82,4.38
161,Dunedin,NZ,2022-06-28 22:25:04,-45.8742,170.5036,45.81,51,100,1.01
162,Mount Isa,AU,2022-06-28 22:29:58,-20.7333,139.5,58.77,36,100,6.91
163,Cabo San Lucas,MX,2022-06-28 22:26:16,22.8909,-109.9124,95.61,48,0,10.36
164,Edgewater,US,2022-06-28 22:29:58,28.9889,-80.9023,88.29,65,84,13.02
165,Kodiak,US,2022-06-28 22:29:59,57.79,-152.4072,65.71,59,0,5.75
166,Tucuman,AR,2022-06-28 22:29:59,-26.8241,-65.2226,53.6,66,0,3.44
167,Okhotsk,RU,2022-06-28 22:30:00,59.3833,143.3,52.2,85,89,7.74
168,Ballina,AU,2022-06-28 22:30:00,-28.8667,153.5667,53.78,99,98,6.04
169,Abha,SA,2022-06-28 22:30:01,18.2164,42.5053,68.25,46,0,0.0
170,Katsuura,JP,2022-06-28 22:30:04,35.1333,140.3,78.82,83,69,17.96
171,Codrington,AU,2022-06-28 22:30:06,-38.2667,141.9667,44.8,65,44,16.53
172,Sitka,US,2022-06-28 22:29:33,57.0531,-135.33,66.09,63,20,13.8
173,Adrar,MR,2022-06-28 22:30:09,20.5022,-10.0711,92.21,15,4,14.7
174,Kanepi,EE,2022-06-28 22:30:11,57.982,26.7627,70.72,91,73,2.73
175,Smithers,CA,2022-06-28 22:30:12,54.7804,-127.1743,61.12,88,100,2.3
176,Ambulu,ID,2022-06-28 22:30:13,-8.345,113.6058,70.38,83,86,3.33
177,Talara,PE,2022-06-28 22:30:14,-4.5772,-81.2719,70.56,68,0,12.66
178,Lagoa,PT,2022-06-28 22:30:16,39.05,-27.9833,66.06,94,100,9.82
179,San Fernando,PH,2022-06-28 22:25:42,15.0286,120.6898,78.53,94,100,4.07
180,Bonavista,CA,2022-06-28 22:30:17,48.6499,-53.1147,60.6,87,79,16.02
181,Najran,SA,2022-06-28 22:30:17,17.4924,44.1277,86.65,23,100,3.18
182,Nanortalik,GL,2022-06-28 22:30:18,60.1432,-45.2371,45.54,72,100,18.81
183,Moose Factory,CA,2022-06-28 22:30:18,51.2585,-80.6094,62.6,51,20,16.11
184,Vardo,NO,2022-06-28 22:30:21,70.3705,31.1107,69.78,64,37,17.27
185,Broken Hill,AU,2022-06-28 22:30:21,-31.95,141.4333,49.59,45,100,5.7
186,Linfen,CN,2022-06-28 22:30:22,36.0889,111.5189,80.31,41,1,2.21
187,Valparaiso,CL,2022-06-28 22:30:23,-33.0393,-71.6273,62.24,70,0,8.05
188,Hilo,US,2022-06-28 22:30:23,19.7297,-155.09,84.27,72,75,11.5
189,Gusau,NG,2022-06-28 22:30:24,12.1628,6.6614,73.02,68,83,20.47
190,Grand Island,US,2022-06-28 22:28:03,40.925,-98.342,93.15,33,0,17.27
191,Fairbanks,US,2022-06-28 22:30:03,64.8378,-147.7164,74.61,40,100,9.22
192,Weinan,CN,2022-06-28 22:30:25,34.5036,109.5089,78.46,51,0,4.09
193,Ambilobe,MG,2022-06-28 22:30:25,-13.2,49.05,64.96,63,56,5.66
194,Poum,NC,2022-06-28 22:30:26,-20.2333,164.0167,74.89,78,17,21.14
195,Ilulissat,GL,2022-06-28 22:30:26,69.2167,-51.1,59.02,36,9,6.91
196,Causapscal,CA,2022-06-28 22:30:27,48.3542,-67.227,64.11,63,2,3.04
197,Honningsvag,NO,2022-06-28 22:30:27,70.9821,25.9704,65.95,68,0,0.0
198,Poykovskiy,RU,2022-06-28 22:30:28,61.2333,73.3333,50.29,93,75,11.18
199,Port Lincoln,AU,2022-06-28 22:30:29,-34.7333,135.8667,54.93,75,68,9.66
200,Lensk,RU,2022-06-28 22:30:29,60.7253,114.9278,62.71,98,100,2.37
201,Severnyy,RU,2022-06-28 22:30:30,50.677,36.5532,68.04,77,0,4.47
202,Zhirnovsk,RU,2022-06-28 22:30:30,50.9845,44.7735,53.91,73,0,7.23
203,Zheleznodorozhnyy,RU,2022-06-28 22:30:31,55.7503,38.0042,61.32,64,0,5.3
204,Hambantota,LK,2022-06-28 22:30:31,6.1241,81.1185,79.2,80,3,18.16
205,Saint-Georges,GD,2022-06-28 22:30:32,12.0564,-61.7485,76.68,94,100,27.63
206,Obidos,BR,2022-06-28 22:30:32,-1.9175,-55.5181,77.54,80,93,3.11
207,San Jose,US,2022-06-28 22:27:19,37.3394,-121.895,94.1,36,0,14.97
208,Dubti,ET,2022-06-28 22:30:33,11.7361,41.0853,91.83,34,66,4.09
209,Bosaso,SO,2022-06-28 22:30:34,11.2842,49.1816,90.59,40,97,26.44
210,Shimoda,JP,2022-06-28 22:30:34,34.6667,138.95,79.03,84,50,16.06
211,Auki,SB,2022-06-28 22:30:35,-8.7676,160.7034,83.35,68,32,5.39
212,East London,ZA,2022-06-28 22:30:35,-33.0153,27.9116,62.37,34,0,5.68
213,Bud,US,2022-06-28 22:30:36,39.447,-86.1758,84.15,31,55,1.25
214,Miraflores,MX,2022-06-28 22:30:36,19.2167,-98.8083,62.02,80,98,1.97
215,Ponta Delgada,PT,2022-06-28 22:30:37,37.7333,-25.6667,65.12,100,75,10.36
216,Samarai,PG,2022-06-28 22:30:37,-10.6167,150.6667,81.34,80,100,13.24
217,Kokopo,PG,2022-06-28 22:30:38,-4.352,152.2633,82.72,69,94,8.68
218,Te Anau,NZ,2022-06-28 22:30:38,-45.4167,167.7167,43.65,92,99,5.5
219,Byron Bay,AU,2022-06-28 22:30:39,-28.65,153.6167,53.94,71,99,5.61
220,Saint Anthony,US,2022-06-28 22:30:39,45.0205,-93.218,84.29,47,0,12.66
221,Shahreza,IR,2022-06-28 22:30:40,32.0339,51.8794,77.56,15,41,4.18
222,Bandundu,CD,2022-06-28 22:30:40,-3.3167,17.3667,76.91,43,95,1.92
223,Grootfontein,NA,2022-06-28 22:30:42,-19.5667,18.1167,44.17,87,42,1.14
224,Redmond,US,2022-06-28 22:30:42,47.674,-122.1215,67.64,67,88,8.01
225,Thompson,CA,2022-06-28 22:26:48,55.7435,-97.8558,62.76,42,75,5.75
226,Nouadhibou,MR,2022-06-28 22:30:43,20.931,-17.0347,71.58,68,4,23.02
227,Talnakh,RU,2022-06-28 22:30:43,69.4865,88.3972,52.21,36,100,3.74
228,Zhangye,CN,2022-06-28 22:30:44,38.9342,100.4517,73.0,26,12,7.94
229,Luderitz,NA,2022-06-28 22:30:44,-26.6481,15.1594,70.23,35,0,23.82
230,San Ramon,US,2022-06-28 22:30:45,37.7799,-121.978,97.59,34,0,11.5
231,Pachperwa,IN,2022-06-28 22:30:45,27.5167,82.65,78.91,93,100,9.37
232,Ballarat,AU,2022-06-28 22:30:46,-37.5662,143.8496,39.13,76,94,9.35
233,Vila Franca Do Campo,PT,2022-06-28 22:30:46,37.7167,-25.4333,64.81,94,91,4.88
234,Talcahuano,CL,2022-06-28 22:30:47,-36.7167,-73.1167,55.08,94,100,23.02
235,Birkeland,NO,2022-06-28 22:30:47,58.3309,8.2323,51.87,76,0,2.3
236,Waddan,LY,2022-06-28 22:30:48,29.1614,16.139,85.12,26,0,11.92
237,Ust-Kuyga,RU,2022-06-28 22:30:48,70.0167,135.6,46.98,50,68,4.54
238,Batticaloa,LK,2022-06-28 22:30:49,7.7102,81.6924,78.91,72,8,7.27
239,Saldanha,ZA,2022-06-28 22:30:49,-33.0117,17.9442,53.65,48,0,12.93
240,San Quintin,MX,2022-06-28 22:30:50,30.4833,-115.95,77.63,53,8,9.28
241,Tilichiki,RU,2022-06-28 22:30:50,60.4667,166.1,56.62,71,46,7.18
242,Flinders,AU,2022-06-28 22:30:50,-34.5833,150.8552,50.05,89,85,1.99
243,Isangel,VU,2022-06-28 22:30:51,-19.55,169.2667,78.91,94,75,3.44
244,San Cristobal,VE,2022-06-28 22:30:51,7.7669,-72.225,78.98,83,90,1.92
245,Matagami,CA,2022-06-28 22:30:52,49.7502,-77.6328,62.71,82,75,4.61
246,Lata,PT,2022-06-28 22:30:52,40.1629,-8.3327,54.23,98,4,2.84
247,Kirakira,SB,2022-06-28 22:30:52,-10.4544,161.9205,83.52,71,68,11.1
248,Nizwa,OM,2022-06-28 22:30:53,22.9333,57.5333,85.26,60,8,0.85
249,Sola,VU,2022-06-28 22:30:53,-13.8833,167.55,80.67,77,36,19.73
250,Shanghai,CN,2022-06-28 22:26:35,31.2222,121.4581,84.06,78,0,6.71
251,Kalabo,ZM,2022-06-28 22:30:54,-14.97,22.6814,50.07,86,10,5.84
252,Necochea,AR,2022-06-28 22:26:32,-38.5473,-58.7368,51.21,62,34,6.33
253,Mangrol,IN,2022-06-28 22:30:55,21.1167,70.1167,83.57,81,100,15.75
254,Waw,SS,2022-06-28 22:30:55,7.7029,27.9953,69.15,97,100,3.56
255,Touba,CI,2022-06-28 22:30:56,8.2833,-7.6833,70.92,95,93,2.46
256,Haines Junction,CA,2022-06-28 22:30:56,60.7522,-137.5108,80.55,32,67,5.75
257,Whitehorse,CA,2022-06-28 22:30:13,60.7161,-135.0538,75.97,33,75,3.44
258,Esperance,AU,2022-06-28 22:30:57,-33.8667,121.9,55.74,76,94,9.62
259,Cayenne,GF,2022-06-28 22:30:09,4.9333,-52.3333,77.04,1,0,2.3
260,Mehamn,NO,2022-06-28 22:30:57,71.0357,27.8492,60.75,88,0,0.0
261,Fortuna,US,2022-06-28 22:30:58,40.5982,-124.1573,72.93,62,0,5.01
262,Wukari,NG,2022-06-28 22:30:58,7.85,9.7833,73.94,89,89,2.93
263,Port Augusta,AU,2022-06-28 22:30:59,-32.5,137.7667,49.86,40,100,6.33
264,Meulaboh,ID,2022-06-28 22:30:59,4.1363,96.1285,76.1,86,94,3.49
265,Teknaf,BD,2022-06-28 22:31:00,20.8624,92.3058,79.0,89,100,7.96
266,Hailey,US,2022-06-28 22:31:00,43.5196,-114.3153,92.88,20,20,8.05
267,Qaqortoq,GL,2022-06-28 22:31:01,60.7167,-46.0333,42.35,94,100,1.99
268,Hualmay,PE,2022-06-28 22:31:02,-11.0964,-77.6139,63.73,81,41,5.17
269,Yekaterinovka,RU,2022-06-28 22:31:04,52.0508,44.3451,50.77,83,6,7.0
270,Pamyat Parizhskoy Kommuny,RU,2022-06-28 22:31:04,56.1048,44.4952,48.15,77,2,3.87
271,Winslow,US,2022-06-28 22:31:05,35.0242,-110.6974,91.58,17,0,8.05
272,Jumla,NP,2022-06-28 22:31:06,29.2747,82.1838,65.21,97,100,1.61
273,Qaanaaq,GL,2022-06-28 22:31:07,77.484,-69.3632,46.96,51,80,1.03
274,Rio Grande,BR,2022-06-28 22:31:06,-32.035,-52.0986,50.11,95,100,16.37
275,Graneros,CL,2022-06-28 22:31:09,-34.0667,-70.7333,57.38,62,0,4.61
276,Krasnoselkup,RU,2022-06-28 22:31:09,65.7,82.4667,51.67,92,100,18.88
277,Cherdyn,RU,2022-06-28 22:31:10,60.403,56.4787,43.27,82,96,9.6
278,Tigzirt,DZ,2022-06-28 22:31:11,36.8886,4.1198,71.64,87,0,9.19
279,Balikpapan,ID,2022-06-28 22:31:11,-1.2675,116.8289,76.19,94,20,4.61
280,Dongli,CN,2022-06-28 22:31:12,23.5656,116.8194,82.38,89,40,6.71
281,Aklavik,CA,2022-06-28 22:31:12,68.2191,-135.0107,71.6,60,0,5.75
282,Dwarka,IN,2022-06-28 22:31:13,22.2394,68.9678,84.43,79,100,16.37
283,Pisco,PE,2022-06-28 22:27:14,-13.7,-76.2167,63.01,82,75,9.22
284,Lujiang,CN,2022-06-28 22:31:14,31.2581,117.2817,79.88,87,32,7.63
285,Xingyi,CN,2022-06-28 22:26:49,24.1877,102.817,62.38,96,100,2.1
286,Diego De Almagro,CL,2022-06-28 22:31:15,-26.3667,-70.05,61.95,30,0,3.51
287,Labuhan,ID,2022-06-28 22:31:15,-6.8844,112.2051,74.8,76,37,13.96
288,Sakakah,SA,2022-06-28 22:31:17,29.9697,40.2064,87.37,17,0,5.46
289,Tuatapere,NZ,2022-06-28 22:31:17,-46.1333,167.6833,47.1,87,98,7.14
290,Naryan-Mar,RU,2022-06-28 22:31:18,67.6713,53.087,40.14,82,96,15.59
291,Port Hardy,CA,2022-06-28 22:31:19,50.6996,-127.4199,59.18,88,100,10.36
292,Arlit,NE,2022-06-28 22:31:19,18.7369,7.3853,95.7,11,13,5.97
293,Luwuk,ID,2022-06-28 22:31:19,-0.9516,122.7875,77.63,89,80,2.3
294,Hasaki,JP,2022-06-28 22:31:20,35.7333,140.8333,82.8,78,90,10.47
295,Inhambane,MZ,2022-06-28 22:31:21,-23.865,35.3833,67.66,64,92,12.19
296,Kitami,JP,2022-06-28 22:31:21,43.8031,143.8908,59.13,98,100,3.74
297,Corbu,RO,2022-06-28 22:31:22,44.3833,28.65,65.52,78,0,6.91
298,Rio Gallegos,AR,2022-06-28 22:31:22,-51.6226,-69.2181,39.25,75,75,6.91
299,Faya,SA,2022-06-28 22:31:23,18.3851,42.4509,68.52,37,92,3.27
300,Chuy,UY,2022-06-28 22:31:23,-33.6971,-53.4616,49.89,88,100,5.26
301,Bengkulu,ID,2022-06-28 22:31:24,-3.8004,102.2655,74.17,92,100,3.2
302,Mackay,AU,2022-06-28 22:31:25,-21.15,149.2,65.68,72,100,18.57
303,Prado,BR,2022-06-28 22:27:13,-17.3411,-39.2208,68.63,63,66,4.59
304,Tuka,PH,2022-06-28 22:31:25,6.52,124.585,77.7,84,100,1.5
305,Havre-Saint-Pierre,CA,2022-06-28 22:31:26,50.2334,-63.5986,59.36,77,0,23.02
306,Buzmeyin,TM,2022-06-28 22:31:26,38.0507,58.2056,89.33,40,0,13.8
307,Warrington,GB,2022-06-28 22:31:27,53.3925,-2.5802,59.72,86,75,12.66
308,Tommot,RU,2022-06-28 22:31:27,58.9564,126.2925,73.98,58,11,1.68
309,Lorain,US,2022-06-28 22:31:28,41.3334,-82.1499,78.89,40,0,6.91
310,Tulagi,SB,2022-06-28 22:31:28,-9.0996,160.1476,83.3,69,50,16.8
311,Port Blair,IN,2022-06-28 22:31:29,11.6667,92.75,80.64,89,40,2.3
312,Yaring,TH,2022-06-28 22:31:29,6.8662,101.3689,77.13,86,100,6.29
313,Ghoti,IN,2022-06-28 22:31:30,19.7168,73.6245,72.03,95,87,7.81
314,Zhangjiakou,CN,2022-06-28 22:31:30,40.81,114.8794,65.89,81,100,2.51
315,Nogir,RU,2022-06-28 22:31:32,43.0816,44.6365,57.67,100,62,4.47
316,Kindu,CD,2022-06-28 22:31:32,-2.95,25.95,75.47,56,94,2.48
317,Longyearbyen,SJ,2022-06-28 22:31:33,78.2186,15.6401,46.24,81,100,6.91
318,Odweyne,SO,2022-06-28 22:31:33,9.4092,45.064,72.01,55,100,21.41
319,Koroni,GR,2022-06-28 22:31:34,36.8,21.95,79.07,81,0,2.71
320,Ambon,ID,2022-06-28 22:31:34,-3.6954,128.1814,78.24,15,20,4.61
321,Hofn,IS,2022-06-28 22:31:35,64.2539,-15.2082,50.92,87,100,11.79
322,Jibuti,DJ,2022-06-28 22:31:35,11.5,42.5,89.4,30,87,4.27
323,College,US,2022-06-28 22:31:36,64.8569,-147.8028,74.59,42,100,9.22
324,Atambua,ID,2022-06-28 22:31:36,-9.1061,124.8925,73.42,84,66,7.61
325,San Antonio,US,2022-06-28 22:29:09,29.4241,-98.4936,88.92,86,40,13.8
326,Gomel,BY,2022-06-28 22:31:37,52.4345,30.9754,75.18,78,0,6.71
327,Bay Roberts,CA,2022-06-28 22:31:38,47.5999,-53.2648,74.95,86,100,11.65
328,Geraldton,AU,2022-06-28 22:31:38,-28.7667,114.6,50.41,71,0,11.5
329,Deer Lake,CA,2022-06-28 22:31:38,49.1667,-57.4316,67.86,77,100,14.97
330,Umm Lajj,SA,2022-06-28 22:31:39,25.0213,37.2685,83.07,61,0,7.38
331,Solntsevo,RU,2022-06-28 22:31:39,51.4185,36.7499,68.34,94,19,6.78
332,Marshall,US,2022-06-28 22:31:40,34.3834,-86.3333,89.58,49,40,6.91
333,Acarau,BR,2022-06-28 22:31:09,-2.8856,-40.12,77.76,77,13,12.95
334,Ostersund,SE,2022-06-28 22:27:58,63.1792,14.6357,61.61,100,75,38.01
335,Samana,DO,2022-06-28 22:31:41,19.2056,-69.3369,84.16,81,51,9.51
336,Nuuk,GL,2022-06-28 22:31:41,64.1835,-51.7216,47.01,93,100,8.05
337,Beloha,MG,2022-06-28 22:31:42,-25.1667,45.05,61.81,67,14,12.24
338,Marin,US,2022-06-28 22:31:42,38.0666,-122.7344,91.58,63,0,14.97
339,Buraydah,SA,2022-06-28 22:27:20,26.326,43.975,91.85,14,15,9.6
340,Richards Bay,ZA,2022-06-28 22:31:43,-28.783,32.0377,59.4,82,0,7.63
341,Idar,DE,2022-06-28 22:31:43,49.7167,7.3,66.29,66,63,3.0
342,Saint-Francois,FR,2022-06-28 22:31:43,46.4154,3.9054,60.24,77,0,1.14
343,Tacuarembo,UY,2022-06-28 22:31:44,-31.7333,-55.9833,47.48,91,100,7.52
344,Iqaluit,CA,2022-06-28 22:29:52,63.7506,-68.5145,51.53,50,75,11.5
345,Tabas,IR,2022-06-28 22:31:44,33.5959,56.9244,91.56,11,0,8.63
346,Texarkana,US,2022-06-28 22:30:25,33.4251,-94.0477,88.02,37,0,11.5
347,Sechura,PE,2022-06-28 22:31:45,-5.5569,-80.8222,70.05,60,2,16.71
348,Yumen,CN,2022-06-28 22:31:46,40.2833,97.2,74.01,27,46,2.8
349,Tura,IN,2022-06-28 22:31:46,25.5198,90.2201,72.84,98,100,4.47
350,Atar,MR,2022-06-28 22:31:46,20.5169,-13.0499,93.27,16,0,11.16
351,Miramar,US,2022-06-28 22:31:38,25.9873,-80.2323,89.02,66,20,11.5
352,Kawalu,ID,2022-06-28 22:31:47,-7.3817,108.2082,69.98,89,98,0.74
353,Puerto Quijarro,BO,2022-06-28 22:31:47,-17.7833,-57.7667,74.89,43,0,2.37
354,Rahuri,IN,2022-06-28 22:31:48,19.3833,74.65,75.2,84,82,8.23
355,Cabedelo,BR,2022-06-28 22:28:16,-6.9811,-34.8339,77.67,84,24,15.3
356,Astoria,US,2022-06-28 22:31:48,46.1879,-123.8313,63.46,83,100,16.11
357,Porto Velho,BR,2022-06-28 22:28:34,-8.7619,-63.9039,80.65,65,0,2.3
358,Komsomolskiy,UZ,2022-06-28 22:31:49,40.4272,71.7189,81.32,34,0,9.22
359,Mbandaka,CD,2022-06-28 22:31:50,0.0487,18.2603,71.29,88,98,2.77
360,Kaniama,CD,2022-06-28 22:31:50,-7.5667,24.1833,63.79,52,83,5.23
361,Diffa,NE,2022-06-28 22:31:50,13.3154,12.6113,89.38,35,39,7.61
362,Anadyr,RU,2022-06-28 22:31:51,64.75,177.4833,57.7,62,0,22.37
363,Salinopolis,BR,2022-06-28 22:31:52,-0.6136,-47.3561,79.16,84,61,11.72
364,Khatanga,RU,2022-06-28 22:31:53,71.9667,102.5,54.03,45,9,11.97
365,Sisimiut,GL,2022-06-28 22:31:53,66.9395,-53.6735,52.56,57,100,2.24
366,Wilmington,US,2022-06-28 22:31:54,34.2257,-77.9447,80.51,73,0,10.36
367,Benin,BJ,2022-06-28 22:31:54,9.5,2.25,75.6,81,30,4.47
368,Ixtapa,MX,2022-06-28 22:31:55,20.7,-105.2,87.22,74,20,12.66
369,Olafsvik,IS,2022-06-28 22:31:55,64.8945,-23.7142,49.37,86,11,8.05
370,High Level,CA,2022-06-28 22:30:33,58.5169,-117.136,75.31,38,40,4.61
371,Kaitangata,NZ,2022-06-28 22:31:56,-46.2817,169.8464,42.62,72,100,7.94
372,Lindi,TZ,2022-06-28 22:31:56,-10.0,39.7167,67.55,94,78,6.13
373,Yerbogachen,RU,2022-06-28 22:31:56,61.2767,108.0108,59.79,83,99,11.97
374,Havoysund,NO,2022-06-28 22:31:57,70.9963,24.6622,66.43,64,18,7.63
375,Chicama,PE,2022-06-28 22:31:58,-7.8447,-79.1469,63.14,75,5,7.2
376,Mehriz,IR,2022-06-28 22:31:58,31.5917,54.4318,91.9,10,1,1.25
377,Fernie,CA,2022-06-28 22:31:59,49.5,-115.0687,82.6,30,47,16.67
378,Robore,BO,2022-06-28 22:31:59,-18.3333,-59.75,68.99,63,3,9.89
379,Boa Vista,BR,2022-06-28 22:32:00,2.8197,-60.6733,85.98,58,40,5.75
380,Alofi,NU,2022-06-28 22:32:00,-19.0595,-169.9187,82.29,78,75,10.36
381,Khani,GE,2022-06-28 22:32:01,41.9563,42.9566,60.37,97,94,1.07
382,Severo-Yeniseyskiy,RU,2022-06-28 22:32:02,60.3725,93.0408,50.85,81,45,9.93
383,Berlevag,NO,2022-06-28 22:32:02,70.8578,29.0864,71.4,82,37,2.3
384,Kyren,RU,2022-06-28 22:32:03,51.6828,102.1408,64.45,96,100,3.27
385,Hvolsvollur,IS,2022-06-28 22:32:04,63.7533,-20.2243,51.98,85,100,5.7
386,Erzin,TR,2022-06-28 22:32:05,36.9559,36.2,72.05,80,0,1.95
387,Gap,FR,2022-06-28 22:32:06,44.6667,6.0,47.84,85,51,4.47
388,Kruisfontein,ZA,2022-06-28 22:32:07,-34.0033,24.7314,56.23,38,0,7.0
389,Maravilla,PH,2022-06-28 22:32:08,10.9011,123.8918,81.54,77,99,7.36
390,Manzanillo,CU,2022-06-28 22:32:09,20.3433,-77.1167,83.37,73,51,3.89
391,Port Hedland,AU,2022-06-28 22:32:10,-20.3167,118.5667,62.65,42,0,9.22
392,Valdivia,CL,2022-06-28 22:31:17,-39.8142,-73.2459,55.49,97,100,14.92
393,Kloulklubed,PW,2022-06-28 22:32:11,7.0419,134.2556,75.7,73,95,8.37
394,Belyy Yar,RU,2022-06-28 22:32:12,53.6039,91.3903,53.85,76,0,4.47
395,Marsh Harbour,BS,2022-06-28 22:32:13,26.5412,-77.0636,80.11,77,87,17.29
396,Sanmenxia,CN,2022-06-28 22:32:13,34.7747,111.1814,78.49,47,3,2.37
397,Mount Gambier,AU,2022-06-28 22:31:38,-37.8333,140.7667,41.99,65,31,10.16
398,Kushima,JP,2022-06-28 22:32:14,31.4583,131.2333,80.38,89,58,6.78
399,Saint-Pierre,RE,2022-06-28 22:32:14,-21.3393,55.4781,64.9,77,100,9.22
400,Alice Springs,AU,2022-06-28 22:32:15,-23.7,133.8833,51.35,54,48,5.75
401,Ahipara,NZ,2022-06-28 22:32:16,-35.1667,173.1667,56.59,86,100,13.18
402,Hamilton,US,2022-06-28 22:28:22,39.1834,-84.5333,82.0,34,0,4.61
403,Steamboat Springs,US,2022-06-28 22:32:16,40.485,-106.8317,84.34,23,0,3.44
404,Osa,RU,2022-06-28 22:32:17,57.2829,55.4567,44.24,81,96,10.11
405,Lagos,NG,2022-06-28 22:32:17,6.5833,3.75,76.06,92,43,3.15
406,Ciudad Bolivar,VE,2022-06-28 22:32:18,8.1222,-63.5497,76.41,91,100,1.01
407,Tambovka,RU,2022-06-28 22:32:20,50.0969,128.0489,70.61,82,2,2.3
408,Seymchan,RU,2022-06-28 22:32:21,62.8833,152.4333,77.25,48,100,8.39
409,Camana,PE,2022-06-28 22:32:22,-16.6228,-72.7111,62.02,88,35,9.64
410,Zhigansk,RU,2022-06-28 22:32:23,66.7697,123.3711,47.14,53,2,12.86
411,Okha,RU,2022-06-28 22:32:23,53.5739,142.9478,52.95,81,69,9.35
412,Ishigaki,JP,2022-06-28 22:32:24,24.3448,124.1572,80.73,94,75,8.05
413,Mpanda,TZ,2022-06-28 22:32:25,-6.3655,31.0409,59.67,64,4,4.29
414,Myitkyina,MM,2022-06-28 22:32:26,25.3833,97.4,73.72,100,100,0.89
415,Abu Kamal,SY,2022-06-28 22:32:26,34.4506,40.9171,84.61,23,0,4.38
416,Saint-Joseph,RE,2022-06-28 22:29:49,-21.3667,55.6167,62.98,75,66,12.97
417,Batemans Bay,AU,2022-06-28 22:32:27,-35.7167,150.1833,41.09,57,100,3.15
418,Tukrah,LY,2022-06-28 22:32:27,32.5341,20.5791,77.92,57,0,7.31
419,Qeshm,IR,2022-06-28 22:32:28,26.9581,56.2719,91.27,84,90,4.61
420,Pimentel,PE,2022-06-28 22:32:29,-6.8367,-79.9342,68.29,64,0,17.27
421,Lufilufi,WS,2022-06-28 22:32:29,-13.8745,-171.5986,85.78,75,5,19.86
422,Madison Heights,US,2022-06-28 22:31:37,42.4859,-83.1052,82.99,37,40,11.5
423,Maputo,MZ,2022-06-28 22:32:30,-25.9653,32.5892,60.22,89,20,3.44
424,Muros,ES,2022-06-28 22:32:30,42.7762,-9.0603,63.09,94,98,5.28
425,Prince Rupert,CA,2022-06-28 22:29:45,54.3161,-130.3201,59.09,92,75,8.05
426,Baruun-Urt,MN,2022-06-28 22:32:31,46.6806,113.2792,74.01,41,45,6.89
427,Taiyuan,CN,2022-06-28 22:32:31,37.8694,112.5603,67.86,73,0,2.24
428,Hobyo,SO,2022-06-28 22:32:32,5.3505,48.5268,76.77,80,75,24.99
429,Dauphin,CA,2022-06-28 22:32:32,51.1494,-100.0502,69.94,37,20,5.75
430,Gazli,UZ,2022-06-28 22:32:33,40.1333,63.45,90.59,17,0,11.41
431,Cananea,MX,2022-06-28 22:30:54,30.95,-110.3,80.2,37,71,7.54
432,Daska,PK,2022-06-28 22:32:33,32.3243,74.3497,91.38,35,0,9.69
433,Shar,KZ,2022-06-28 22:32:34,49.5886,81.0453,62.64,42,0,12.17
434,Camocim,BR,2022-06-28 22:32:34,-2.9022,-40.8411,77.52,78,14,10.76
435,Skegness,GB,2022-06-28 22:30:52,53.1436,0.3363,62.06,68,99,13.22
436,Miragoane,HT,2022-06-28 22:32:35,18.4423,-73.0876,83.79,69,100,2.8
437,Iralaya,HN,2022-06-28 22:32:36,15.0,-83.2333,81.27,81,95,9.19
438,Tabuk,PH,2022-06-28 22:32:36,17.4189,121.4443,74.93,97,100,4.99
439,Inirida,CO,2022-06-28 22:32:37,3.8653,-67.9239,74.55,92,64,3.09
440,Porto San Giorgio,IT,2022-06-28 22:32:37,43.1827,13.7934,80.01,92,73,3.74
441,Novikovo,RU,2022-06-28 22:32:38,51.1537,37.8879,61.48,86,26,7.47
442,Barsovo,RU,2022-06-28 22:32:39,61.1667,73.1667,50.13,93,100,8.9
443,Gotsu,JP,2022-06-28 22:32:22,35.0,132.2167,81.43,69,99,6.82
444,Agadez,NE,2022-06-28 22:32:39,19.75,10.25,92.01,11,1,4.03
445,Ilhabela,BR,2022-06-28 22:32:40,-23.7781,-45.3581,65.88,80,4,4.03
446,Sandakan,MY,2022-06-28 22:32:40,5.8402,118.1179,74.88,100,20,2.3
447,Zihuatanejo,MX,2022-06-28 22:32:40,17.6333,-101.55,89.69,62,75,12.66
448,Carlyle,US,2022-06-28 22:32:41,38.6103,-89.3726,84.02,39,1,1.99
449,Sur,OM,2022-06-28 22:32:41,22.5667,59.5289,86.85,67,16,7.27
450,Redcar,GB,2022-06-28 22:32:42,54.6166,-1.06,62.29,43,100,13.0
451,Dukat,RU,2022-06-28 22:32:17,62.55,155.55,73.27,42,2,10.49
452,Fairview,US,2022-06-28 22:32:32,40.8126,-73.999,80.55,43,0,9.22
453,Makakilo City,US,2022-06-28 22:32:43,21.3469,-158.0858,82.72,51,40,16.11
454,Marsabit,KE,2022-06-28 22:32:44,2.3284,37.9899,61.12,71,16,23.89
455,Mae Ramat,TH,2022-06-28 22:32:44,16.984,98.5166,75.79,99,100,1.5
456,Antofagasta,CL,2022-06-28 22:32:45,-23.65,-70.4,67.21,62,2,8.52
457,Deniliquin,AU,2022-06-28 22:32:45,-35.5333,144.9667,43.68,65,100,6.71
458,Grakhovo,RU,2022-06-28 22:32:46,56.0502,51.9676,41.27,86,86,8.25
459,Pinawa,CA,2022-06-28 22:32:46,50.1489,-95.8811,63.45,43,6,9.57
460,Xuanhua,CN,2022-06-28 22:32:47,40.6103,115.0447,68.56,76,100,3.98
461,Ogaminana,NG,2022-06-28 22:32:47,7.5946,6.2248,73.58,92,61,5.68
462,Bereda,ES,2022-06-28 22:32:48,43.2686,-7.5406,55.02,97,25,2.57
463,Ellsworth,US,2022-06-28 22:32:48,44.5434,-68.4195,76.64,52,75,9.22
464,Vallenar,CL,2022-06-28 22:32:49,-28.5708,-70.7581,64.31,22,0,2.8
465,Bathsheba,BB,2022-06-28 22:32:49,13.2167,-59.5167,81.21,89,75,28.77
466,Fare,PF,2022-06-28 22:32:50,-16.7,-151.0167,79.68,75,46,19.69
467,Dingle,PH,2022-06-28 22:32:50,10.9995,122.6711,76.71,92,100,8.05
468,Constitucion,CL,2022-06-28 22:32:51,-35.3333,-72.4167,52.84,78,100,2.75
469,Latung,PH,2022-06-28 22:32:51,5.5,120.8833,83.44,74,100,15.35
470,Maltahohe,NA,2022-06-28 22:32:51,-24.8333,16.9833,47.84,64,3,12.64
471,Shetpe,KZ,2022-06-28 22:32:52,44.1667,52.1167,76.32,41,0,14.65
472,Vila Do Maio,CV,2022-06-28 22:32:52,15.1333,-23.2167,75.99,83,72,18.54
473,Shelburne,CA,2022-06-28 22:31:23,44.0787,-80.2041,74.3,68,0,9.22
474,Russell,US,2022-06-28 22:32:53,32.3502,-85.1999,93.96,58,20,24.16
475,Sao Gabriel Da Cachoeira,BR,2022-06-28 22:32:53,-0.1303,-67.0892,74.86,91,93,2.84
476,Longyan,CN,2022-06-28 22:32:54,25.1072,117.0225,76.84,92,100,1.92
477,Ajdabiya,LY,2022-06-28 22:32:54,30.7554,20.2263,81.66,38,0,8.37
478,Spencer,US,2022-06-28 22:32:55,43.1414,-95.1444,89.71,40,0,9.22
479,Anloga,GH,2022-06-28 22:32:55,5.7947,0.8973,78.44,87,51,10.56
480,Kurchum,KZ,2022-06-28 22:32:55,48.5722,83.6542,59.83,52,0,3.42
481,Barra Patuca,HN,2022-06-28 22:32:56,15.8,-84.2833,81.93,76,69,9.64
482,Lima,PE,2022-06-28 22:29:52,-12.0432,-77.0282,62.91,77,100,11.5
483,Gobabis,NA,2022-06-28 22:32:56,-22.45,18.9667,47.34,74,3,16.31
484,Gazanjyk,TM,2022-06-28 22:32:57,39.2446,55.5154,78.48,63,0,10.65
485,Lorengau,PG,2022-06-28 22:32:57,-2.0226,147.2712,82.09,77,78,9.82
486,Pochutla,MX,2022-06-28 22:32:58,15.7432,-96.4661,87.82,72,72,3.87
487,Rudsar,IR,2022-06-28 22:32:58,37.1376,50.288,73.89,77,0,3.98
488,Chiredzi,ZW,2022-06-28 22:29:16,-21.05,31.6667,57.81,83,99,6.8
489,Tual,ID,2022-06-28 22:32:59,-5.6667,132.75,81.18,80,44,10.49
490,Manta,EC,2022-06-28 22:32:59,-0.95,-80.7333,78.58,73,20,14.97
491,Formosa Do Rio Preto,BR,2022-06-28 22:33:00,-11.0483,-45.1931,70.32,43,0,3.67
492,Dankov,RU,2022-06-28 22:33:00,53.2515,39.1555,56.77,84,1,6.85
493,Tazovskiy,RU,2022-06-28 22:33:01,67.4667,78.7,45.18,64,95,23.26
494,Maumere,ID,2022-06-28 22:33:02,-8.6199,122.2111,78.6,82,76,7.61
495,Srivardhan,IN,2022-06-28 22:33:02,18.0333,73.0167,79.66,88,80,5.64
496,Grand-Santi,GF,2022-06-28 22:33:03,4.25,-54.3833,73.31,98,93,0.87
497,Launceston,AU,2022-06-28 22:33:04,-41.45,147.1667,48.15,93,75,10.36
498,Mizan Teferi,ET,2022-06-28 22:33:05,6.9833,35.5833,60.84,79,90,2.62
499,Milkovo,RU,2022-06-28 22:33:05,54.7167,158.6167,70.09,46,14,1.14
500,Chapais,CA,2022-06-28 22:33:06,49.7834,-74.8492,69.58,47,71,12.08
501,Iracoubo,GF,2022-06-28 22:33:07,5.4802,-53.2011,77.09,87,78,7.83
502,Pontal Do Parana,BR,2022-06-28 22:33:07,-25.6533,-48.5128,61.16,93,3,4.47
503,Mubi,NG,2022-06-28 22:33:08,10.2676,13.2644,75.18,67,90,2.98
504,Tumaco,CO,2022-06-28 22:33:08,1.7986,-78.8156,76.6,87,31,5.14
505,Kodinar,IN,2022-06-28 22:33:09,20.7903,70.7031,82.87,82,99,14.52
506,Butte,US,2022-06-28 22:33:10,39.6499,-121.5677,102.92,7,0,12.66
507,Arbazh,RU,2022-06-28 22:33:10,57.6804,48.3065,43.34,77,98,6.22
508,Novyy Urengoy,RU,2022-06-28 22:33:11,66.0833,76.6333,46.33,61,39,24.11
509,Zhuhai,CN,2022-06-28 22:33:11,22.2769,113.5678,84.85,94,20,3.44
510,Olbia,IT,2022-06-28 22:33:12,40.9214,9.4856,75.25,60,0,14.97
511,Krasnogorodsk,RU,2022-06-28 22:33:12,56.8357,28.2822,64.98,97,100,5.79
512,Rocha,UY,2022-06-28 22:29:58,-34.4833,-54.3333,50.34,76,100,4.41
513,Rodrigues Alves,BR,2022-06-28 22:33:13,-7.738,-72.6509,86.2,63,70,1.77
514,Gat,IL,2022-06-28 22:33:15,31.61,34.7642,76.82,100,0,3.91
515,Rawson,AR,2022-06-28 22:28:40,-43.3002,-65.1023,53.56,56,100,12.17
516,Cap-Aux-Meules,CA,2022-06-28 22:33:16,47.3821,-61.8597,68.05,60,75,3.44
517,Amritsar,IN,2022-06-28 22:33:16,31.6331,74.8656,93.02,94,40,0.0
518,Carauari,BR,2022-06-28 22:33:16,-4.8828,-66.8958,79.68,74,100,0.67
519,Wanning,CN,2022-06-28 22:33:17,18.8003,110.3967,80.19,87,100,5.91
520,Verkhnevilyuysk,RU,2022-06-28 22:33:18,63.4453,120.3167,54.45,59,99,7.09
521,Khaniotis,GR,2022-06-28 22:33:19,39.9991,23.58,75.88,70,77,6.22
522,Evensk,RU,2022-06-28 22:33:20,61.95,159.2333,51.62,75,12,5.97
523,Beitbridge,ZW,2022-06-28 22:33:21,-22.2167,30.0,56.03,83,83,7.2
524,Gardendale,US,2022-06-28 22:33:21,33.6601,-86.8128,90.48,64,75,5.75
525,Mareeba,AU,2022-06-28 22:33:22,-17.0,145.4333,69.44,83,98,6.64
526,Galle,LK,2022-06-28 22:33:22,6.0367,80.217,79.23,85,8,13.42
527,Hoquiam,US,2022-06-28 22:33:23,46.9809,-123.8893,59.94,91,100,13.8
528,Porto Santo,PT,2022-06-28 22:33:23,33.072,-16.3415,66.58,72,40,14.97
529,Daru,PG,2022-06-28 22:33:24,-9.0763,143.2092,79.32,88,69,13.65
530,Rio Tercero,AR,2022-06-28 22:33:24,-32.173,-64.1141,57.79,59,0,7.72
531,Namatanai,PG,2022-06-28 22:33:25,-3.6667,152.4333,83.14,64,53,4.21
532,Calvinia,ZA,2022-06-28 22:33:25,-31.4707,19.776,51.57,49,0,6.58
533,Mazamitla,MX,2022-06-28 22:33:26,19.9167,-103.0333,59.85,85,89,5.39
534,Sassandra,CI,2022-06-28 22:33:26,4.95,-6.0833,76.5,87,88,4.83
535,Skjervoy,NO,2022-06-28 22:33:27,70.0311,20.9714,77.0,77,0,13.42
536,Yala,TH,2022-06-28 22:33:27,6.3333,101.25,73.62,96,100,3.11
537,Plouzane,FR,2022-06-28 22:33:27,48.3833,-4.6167,57.52,94,100,11.5
538,Beringovskiy,RU,2022-06-28 22:33:28,63.05,179.3167,51.15,72,12,16.8
539,Jonkoping,SE,2022-06-28 22:33:28,57.7814,14.1562,53.38,93,0,2.3
540,Burnie,AU,2022-06-28 22:33:29,-41.0667,145.9167,48.92,90,100,6.85
541,Severo-Kurilsk,RU,2022-06-28 22:32:21,50.6789,156.125,45.91,94,100,14.18
542,Gela,IT,2022-06-28 22:33:31,37.0803,14.2307,84.58,53,9,0.94
